순번,약품코드,약품영문명,약품한글명,규격,성분코드,성분한글명,성분영문명
1,EBISA,Dulcolax Suppositories,둘코락스좌약,1,117802CSP,비사코딜(좌제),Bisacodyl(Suppo)
2,ECLOTRI20,Ellinplus Cream 20g/Tube,엘린플러스크림20g/Tube,20g,546600CCM,"클로트리마졸10mg/g, 히드로코르티손 10mg/g","Clotrimazole 10mg/g, Hydrocortisone 10mg/g"
3,ECOT,Bandel Cream 10g/Tube,반델크림10g/Tube,10g,171130CCM,히드로코르티손 프로부테이트 1mg/g,Hydrocortisone Probutate 1mg/g
4,EFLU2,Fumelon Eye Drops 5ml/Btl,후메론점안액 5ml/Btl,5ml,161237COS,플루오로메톨론 1mg/ml,Fluorometholone 1mg/ml
5,EKETO6,Ketoclin Plaster 6Sheet,케토크린플라스타6매,6,179901CPL,케토프로펜 30mg/sheet,Ketoprofen 30mg/sheet
6,EMUPI,Esroban Ointment 10g/Tube, 에스로반연고 10g/Tube,10g,197631COM,무피로신 20mg/g,Mupirocin 20mg/g
7,EPOV,Povidone Eye Drops Hanlim 10ml,한림포비돈점안액 10ml,10ml,216134COS,포비돈 20mg/ml,Povidone 20mg/ml
8,ESTS20,Silkron-G Cream(20g),실크론지크림(20g) ,20g,657500CCM,"베타메타손디프로피오네이트 640μg/g, 겐타마이신황산염 1mg/g","betamethasone dipropionate 12.8mg, gentamicin sulfate 20mg"
9,ETERBI,Muzonal Cream ,무조날크림 15g/Tube,15g,235731CCM,테르비나핀염산염 10mg/g,Terbinafine HCl 10mg/g
10,ETOB,Toramicin eye Drop 5ml/B,토라미신점안액  5ml/B,5ml,240833COS,토브라마이신 3mg/ml,Tobramycin 3mg/ml
11,EURE,Urea Cream 200mg,유리아크림 200mg,50g,246132CCM,우레아 200mg/g,Urea 200mg/g
12,EZVR,Acyclovir Cream Youngpoong 5g/Tube,영풍아시클로버크림5g/Tube(아시클로버),5g,102935CCM,아시클로버50mg/g,Acyclovir 50mg/g
13,I50DW1,Daihan 50% Glucose inj. 100ml/Btl,대한50%포도당주100ml/Btl,100ml,142719BIJ,포도당 50g/100ml,Glucose 50g/100ml
14,I5DS,Choongwae 5% Dextrose In Normal Saline inj. 1L ,중외 5% 포도당생리식염액_(1000mL) ,1L,348600BIJ,"포도당 50g/L, 염화나트륨 9g/L","Dextrose 50g/L, Sodium Chloride 9g/L"
15,I5DW,Dextrose  Injection(1L) 5%,대한 포도당주사액5%_(5g/1000mL/),1L,142711BIJ,포도당 50g/L,Dextrose 50g/L
16,IAMIO,Cordarone Injection 3ml/A,코다론주사 3ml/A,3ml,107430BIJ,아미오다론염산염 150mg/ml,Amiodarone HCl 150mg/ml
17,IARPP3,Abilify Maintena inj. 300mg 1.5ml/Syringe,아빌리파이메인테나주300mg 1.5mL/관,1.5ml,451506BIJ,아리피프라졸일수화물 312mg(아리피프라졸로서 300mg),Aripiprazole Monohydrate 312mg(as Aripiprazole 300mg)
18,IARPP4,Abilify Maintena inj. 400mg 2ml/Syringe,아빌리파이메인테나주400mg 2ml/관,2ml,451507BIJ,아리피프라졸일수화물 416mg(아리피프라졸로서 400mg),Aripiprazole Monohydrate 416mg(as Aripiprazole 400mg)
19,IDCF,Depain  injection  2ml/A ,디페인주사(디클로페낙나트륨)_(75mg/2mL),2ml,143535BIJ,디클로페낙나트륨 37.5mg/ml,Diclofenac Sodium 37.5mg/ml
20,IDEXA,Dexamethasone Inj. Daewon 5mg/ml,대원덱사메타손주사액 1mL/A,1ml,142232BIJ,덱사메타손포스페이트이나트륨 5mg/ml,Dexamethason Disodium Phosphate 5mg/ml
21,IDZP,Diazepam Inj. 10mg/2ml Samjin,삼진디아제팜주 ,2ml,142930BIJ,디아제팜 10mg/2ml,Diazepam 10mg/2ml
22,IEPN,Epinephrine Inj. Daihan 1ml/A,대한에피네프린주사액 1ml/A ,1ml,152630BIJ,에피네프린 1mg/ml,Epinephrine 1mg/ml
23,IHG,Lantus inj. Solostar 300U/3ml,란투스주솔로스타 300U/3ml,3ml,461830BIJ,인슐린글라진 10.9134mg(휴먼인슐린으로서 300IU),Insulin Glargine 10.9134mg(as Human Insulin 300IU)
24,IHP,Haloperidol  Injection Myungin 5mg/ml ,명인할로페리돌주사 _(5mg/ml),1ml,167930BIJ,할로페리돌 5mg/ml,Haloperidol 5mg/ml
25,IHS,Hartmann Sol. 1L/Bag Choongwae,하트만용액 1000ml/B,1L,349400BIJ,"염화칼슘 200mg/L, 염화칼륨 300mg/L, 염화나트륨 6g/L, 락트산나트륨 3.1g/L","Calcium Chloride 200mg/L, Potassium Chloride 300mg/L, Sodium Chloride 6g/L, Sodium Lactate 3.1g/L"
26,IHSD,Hartmann DEX sol. 1L /Bag Choongwae,하트만덱스액_(1000mL),1L,349500BIJ,"하트만액, 포도당 50g/L","Hartmann Sol., Dextrose 50g/L"
27,IIVG117,Invega Sustenna Inj. 117mg,인베가서스티나주사 117mg,0.75ml,586432BIJ,팔리페리돈 팔미테이트 117mg,Paliperidone Palmitate 117mg
28,IIVG156,Invega Sustenna Inj. 156mg,인베가서스티나주사 156mg,1ml,586433BIJ,팔리페리돈 팔미테이트 156mg,Paliperidone Palmitate 156mg
29,IIVG234,Invega Sustenna Inj. 234mg,인베가서스티나주사 234mg,1.5ml,586434BIJ,팔리페리돈 팔미테이트 234mg,Paliperidone Palmitate 234mg
30,IIVGT2,Invega Trinza Injection 273mg,인베가트린자주사 273mg,0.875ml,586435BIJ,팔리페리돈 팔미테이트 273mg,Paliperidone Palmitate 273mg
31,IIVGT4,Invega Trinza Injection 410.3mg,인베가트린자주사 410.3mg,1.315ml,586436BIJ,팔리페리돈 팔미테이트 410.3mg,Paliperidone Palmitate 410.3mg
32,IIVGT5,Invega Trinza Injection 546mg,인베가트린자주사 546mg,1.750ml,586437BIJ,팔리페리돈 팔미테이트 546mg,Paliperidone Palmitate 546mg
33,IIVGT8,Invega Trinza Injection 819mg,인베가트린자주사 819mg,2.625ml,586438BIJ,팔리페리돈 팔미테이트 819mg,Paliperidone Palmitate 819mg
34,ILD,Lidocaine Injection 20ml Jeil,제일리도카인주사액 20ml,20ml,183935BIJ,리도카인염산염수화물 21.33mg/ml,Lidocaine HCl Hydrate 21.33mg/ml
35,ILZP2,Ativan Inj. 0.5ml/A,아티반주사 0.5ml/A,0.5ml,185530BIJ,로라제팜 2mg/0.5ml,Lorazepam 2mg/0.5ml
36,IMXL,Meckool Inj. 2ml/A,멕쿨주 2ml/A,2ml,193730BIJ,메토클로프라미드염산염 10mg/2ml,Metoclopramide HCl 10mg/2ml
37,INS,Isotoinc Sodium Chloride inj. Daihan 1L/Bag,대한멸균생리식염수 1L/Bag,1L,228714BIJ,염화나트륨 9g/L,Sodium Chloride 9g/L
38,INS250,0.9% Sodium Chloride Soln. 250ml inno.N,이노엔 0.9% 생리식염수(생리식염주사액)250ml,1,228726BIJ,염화나트륨(0.9%) 2.25 g(9mg/mL) 250ML/BAG,sodium chloride(0.9%) 2.25 g(9mg/mL) 250ML/BAG
39,IPENI,Chlorpheniramine Maleate Inj. Huons 2ml/A,휴온스클로르페니라민말레산염주사액 2ml/A,2ml,131830BIJ,클로르페니라민말레산염 4mg/2ml,Chlorpheniramine Maleate 4mg/2ml
40,IVB1,Thiamine HCl Inj. Jeil 2ml/A,제일티아민염산염주사액 2ml/A,2ml,237330BIJ,티아민염산염 50mg/2ml,Thiamine Hydrochloride 50mg/2ml
41,IVBX,Pan-B-comp Inj. 2ml/A,판비콤프주 2ml/A,2ml,316600BIJ,"비오틴 500μg, 시아노코발라민 8μg, 덱스판테놀 6mg, 니코틴산아미드 40mg, 피리독신염산염 4mg, 리보플라빈포스페이트나트륨 5.53mg, 티아민염산염 10mg","Biotin 500μg, Cyanocobalamin 8μg, Dexpanthenol 6mg, Nicotinamide 40mg, Pyridoxine Hydrochloride 4mg, Riboflavin Sodium Phosphate 5.53mg, Thiamine Hydrochloride 10mg"
42,MAAP,Acetaminophen  Tab. Samnam 500mg,삼남아세트아미노펜정500mg,1,101305ATB,아세트아미노펜 500mg,Acetaminophen 500mg
43,MACAM,Myungin Acamprosate Tab. 333mg,명인아캄프로세이트정 333mg,1,100501ATE,아캄프로세이트칼슘 333mg,Acamprosate Calcium 333mg
44,MAFL,Sekaron Tab. 20mg,세카론정 20mg,1,104101ATB,아플로쿠알론 20mg,Afloqualone 20mg
45,MAGIO,Agio granule 6g/P,아기오과립 6g/P,1,214630AGN,아기오쿨과립 4.08g,Agiocur Pregranules 4.08g
46,MAGMEL25,Argotin Tab. 25mg,아고틴정 25MG,1,613101ATB,아고멜라틴 25mg,Agomelatine 25mg
47,MALDP1,Amodipine Tab. 5mg,아모디핀정 5mg,1,459901ATB,암로디핀캄실산염 7.841mg(암로디핀으로서 5mg),Amlodipine Camsylate 7.841mg(as Amlodipine 5mg)
48,MALOG,Nesina Tab. 25mg,네시나정 25mg,1,624203ATB,알로글립틴벤조산염 34mg,Alogliptin Benzoate 34mg
49,MAMB,Ambroxol HCl Tab. Youngil,영일염산암브록솔정(30mg/1정),1,106301ATB,암브록솔염산염 30mg,Ambroxol Hydrochloride 30mg
50,MAPZ0.25,Zanapam Tab. 0.25mg ,자나팜정_(0.25mg/1정),1,105502ATB,알프라졸람 0.25mg,alprazolam   0.25mg
51,MAPZ0.5,Zanapam Tab. 0.5mg,자나팜정 0.5mg(알프라졸람)_(0.5mg/1정),1,105505ATB,알프라졸람 0.5mg,alprazolam   0.5mg
52,MARP5,Abilify Tab. 5mg,아빌리파이정 5mg,1,451503ATB,아리피프라졸 5mg,Aripiprazole 5mg
53,MARPP,Abilify Tab. 15mg,아빌리파이정 15mg,1,451502ATB,아리피프라졸 15mg,Aripiprazole 15mg
54,MARPP1,Abilify Tab. 1mg,아빌리파이정1mg,1,451508ATB,아리피프라졸 1mg,Aripiprazole 1mg
55,MARPP10,Abilify Tab. 10mg,아빌리파이정10mg,1,451501ATB,아리피프라졸 10mg,Aripiprazole 10mg
56,MARPP2,Abilify Tab. 2mg,아빌리파이정 2mg,1,451504ATB,아리피프라졸 2mg,Aripiprazole 2mg
57,MARPPQ10,Abilify OD Tab. 10mg,아빌리파이오디정10mg,1,451501ATD,아리피프라졸 10mg(구강붕해정),aripiprazole 10mg(구강붕해정)
58,MARPPQ15,Abilify OD Tab. 15mg,아빌리파이오디정15mg,1,451502ATD,아리피프라졸 15mg(구강붕해정),Aripiprazole 15mg(구강붕해정)
59,MASAP,Aspirin Enteric Coated Tab. 100mg,영진아스피린장용정_(0.1g/1정),1,111001ATE,아스피린 100mg,Aspirin 100mg
60,MASR,Amisul Tab. 400mg,아미썰정 400mg,1,420002ATB,아미설피리드 400mg,Amisulpride 400mg
61,MASR100,Amissul Tab. 100mg,아미썰정 100mg,1,420003ATB,아미설피리드 100mg,Amisulpride 100mg
62,MASR200,Amissul Tab. 200mg,아미썰정 200mg,1,420004ATB,아미썰피리드 200mg,Amisulpride 200mg
63,MATOM10,Whanin Atomoxin Cap. 10mg/C,환인아토목세틴캡슐10mg,1,489601ACH,아토목세틴염산염11.43mg(아토목세틴으로서 10mg),Atomoxetine HCl 11.43mg(as Atomoxetine 10mg)
64,MATOM25,Whanin Atomoxetine Cap. 25mg/C,환인아토목세틴캡슐25mg,1,489603ACH,아토목세틴염산염 28.57mg(아토목세틴으로서 25mg),Atomoxetine HCl 28.57mg(as Atomoxetine 25mg)
65,MATOM40,Whanin Atomoxetine Cap. 40mg/C,환인아토목세틴캡슐40mg,1,489604ACH,아토목세틴염산염 45.71mg(아토목세틴으로서 40mg),Atomoxetine HCl 45.71mg(as Atomoxetine 40mg)
66,MATP10,Amitriptyline HCl 10mg Myungin,명인염산아미트리프틸린정 10mg,1,107501ATB,아미트리프틸린염산염 10mg,Amitriptyline Hydrochloride   10mg
67,MATP25,Etravil Tab. 25mg,에트라빌25mg정,1,107502ATB,아미트리프틸린염산염 25mg,Amitriptyline Hydrochloride 25mg
68,MAUG375,Anycla Tab. 375mg/T,애니크라정375mg(아목시실린.클라불란산칼륨(2:1))_(1정),1,310600ATB,"아목시실린수화물 250mg, 클라불란산칼륨 125mg","Amoxicillin Hydrate 250mg, Potassium Clavulanate 125mg"
69,MBDD25,Bipheran Tab. 25mg,비페란정 25mg,1,117701ATB,비페닐디메틸디카르복실레이트 25mg,Biphenyl Dimethyl Dicarboxylate 25mg
70,MBEA,Bearse Tab.,베아제정,1,278900ATB,"비오디아스타제2000 50mg, 리파제100 15mg, 판세라제SS 30mg, 판크레아틴장용과립 78.6mg, 판프로신SS 20mg, 시메티콘 40mg, 우르소데옥시콜산 10mg","Biodiastase2000 50mg, Lipase 100 15mg, Pancellase SS 30mg, Pancreatin Enteric Gr. 78.6mg, Panprosin SS 20mg, Simethicone 40mg, Ursodeoxycholic Acid 10mg"
71,MBENZ1,Benztropine Mesylate Tab. 1mg Myungin,명인벤즈트로핀메실산염정(1mg/1정),1,116001ATB,벤즈트로핀메실산염 1mg,Benztropine Mesylate 1mg
72,MBENZ2,Benztropine Mesylate Tab. 2mg Myungin,명인벤즈트로핀메실레이트정2mg,1,116002ATB,벤즈트로핀메실산염 2mg,Benztropine Mesylate 2mg
73,MBETH25,Hinechol  Tab. 25mg/T,하이네콜정 25mg,1,116902ATB,염화베타네콜 25mg,Bethanechol Chloride 25mg
74,MBHX,Bromhexine HCL Tab. Sinil,신일브롬헥신염산염정(8mg/1정),1,118601ATB,염산브롬헥신 8mg,bromhexine hydrochloride 8mg
75,MBLONA,Pharma Blonanserin Tab. 4mg/T,파마블로난세린정4mg(블로난세린)_(4mg/1정),1,511302ATB,블로난세린 4mg,Blonanserin 4mg
76,MBLONA8,Pharma Blonanserin Tab. 8mg/T,파마블로난세린정8mg(블로난세린)_(8mg/1정),1,511303ATB,블로난세린 8mg,Blonanserin 8mg
77,MBRF400,Aruphen Tab 400mg  ,아루펜정 400mg,1,172806ATB,이부프로펜 400mg,Ibuprofen 400mg
78,MBUPO,Addpion SR Tab. 150mg,애드피온서방정150mg,1,428102ATR,부프로피온염산염 150mg,Bupropion Hydrochloride 150mg
79,MBUS,Whanin Buspirone Tab. 10mg,환인부스피론정10mg,1,120501ATB,부스피론염산염 10mg,Buspirone Hydrochloride 10mg
80,MCARPP,Aripizole Tab. 15mg,아리피졸정15mg(아리피프라졸)_(15mg/1정),1,451502ATB,아리피프라졸 15mg,Aripiprazole 15mg
81,MCARV,Carter Tab. 25mg,카터정25mg,1,125002ATB,카르베딜롤 25mg,Carvedilol 25mg
82,MCBM-CR3,Carmazepine-CR Tab. 300mg,카마제핀씨알정300mg,1,123104ATR,카르바마제핀 300mg,Carbamazepine 300mg
83,MCFR,Cecrocin Cap.  250mg,세크로신캡슐 250mg,1,125201ACH,세파클러 250mg,Cefaclor 250mg
84,MCHOL,Colensia Soft Cap.,콜렌시아연질캡슐400mg,1,138101ACS,콜린알포세레이트 400mg,Choline Alfoscerate 400mg
85,MCLON0.1,Kabvay SR 0.1mg,켑베이서방정0.1mg,1,136505ATR,클로니딘염산염 0.1mg,Clonidine Hydrochloride 0.1mg
86,MCLOZ100,Clzapin Tab. 100mg,클자핀정100mg,1,137501ATB,클로자핀 100mg,Clozapine 100mg
87,MCLOZ200,Clzapin Tab. 200mg,클자핀정200mg,1,137504ATB,클로자핀 200mg,Clozapine 200mg
88,MCLOZ50,Clzapine Tab. 50mg,클자핀정50mg,1,137503ATB,클로자핀 50mg,Clozapine 50mg
89,MCLOZA25,Clzapin Tab. 25mg,클자핀정25mg,1,137502ATB,클로자핀 25mg,Clozapine 25mg
90,MCMP,Gromin Cap. 25mg,그로민캡슐25mg,1,136302ACH,클로미프라민염산염 25mg,Clomipramine Hydrochloride 25mg
91,MCNZ,Rivotril Tab. 0.5mg,리보트릴정0.5mg,1,136401ATB,클로나제팜 0.5mg,Clonazepam 0.5mg
92,MCOUF20,Cough syrup(20ml),코푸시럽20ml,1,532500ASY,"염화암모늄 10mg/mL, 클로르페니라민말레산염 150μg/mL, 디히드로코데인타르타르산염 500μg/mL, 염산메칠에페드린 1.31mg/mL","Ammonium Chloride 10mg/mL, Chlorpheniramine Maleate 150μg/mL, Dihydrocodeine Tartrate 500μg/mL, Methylephedrine Hydrochloride 1.31mg/mL"
93,MCP100,Chlorpromazine HCl Tab. 100mg Myungin,명인클로르프로마진염산염정100mg,1,131901ATB,염산클로르프로마진 100mg,Chlorpromazine Hydrochloride 100mg
94,MCP200,Chlorpromazine HCl Tab. 200mg Myungin,명인클로르프로마진염산염정200mg,1,131905ATB,염산클로르프로마진 200mg,Chlorpromazine Hydrochloride 200mg
95,MCP50,Chlorpromazine Tab. 50mg Myungin,명인클로르프로마진염산염정50mg,1,131908ATB,클로르프로마진 50mg,Chlorpromazine Hydrochloride 50mg
96,MCPLUS,Aronamin C Plus Tab.,아로나민씨플러스정,1,B65200ATB,비오틴 22.5μg 외 12종,Biotin 22.5μg 외 12종
97,MDDOXY,Dentistar Cap. 20mg,덴티스타캡슐20mg,1,149702ACH,독시사이클린하이클레이트22.33mg(독시사이클린으로서20mg),Doxycycline Hyclate 21.33mg(as Doxycycline 20mg)
98,MDES,Pristiq ER Tab. 100mg,프리스틱서방정100mg,1,626402ATR,데스벤라팍신숙신산염일수화물 151.77mg(데스벤라팍신으로서 100mg),Desvenlafaxine Succinate Monohydrate 151.77mg(as Desvenlafaxine 100mg)
99,MDES50,Pristig ER Tab. 50mg,프리스틱서방정 50mg,1,626401ATR,데스벤라팍신숙신산염일수화물 75.87mg(데스벤라팍신으로서 50mg),Desvenlafaxine Succinate Monohydrate 75.87mg(as Desvenlafaxine 50mg)
100,MDONE,Whanin Donepezil Tab. 10mg,환인도네페질정10mg,1,148601ATB,도네페질염산염일수화물10.43mg(도네페질염산염으로서 10mg),Donepezil Hydrochloride Monohydrate 10.43mg(as Donepezil Hydrochloride 10mg)
101,MDPH,Phenytoin Tab. 100mg Myungin,명인페니토인정100mg,1,146801ATB,페니토인 100mg,Phenytoin 100mg
102,MDULO30,Duloxeptol Cap. 30mg/C,듀로셀톱캡슐30mg,1,495501ACE,둘록세틴염산염 33.645mg(둘록세틴으로서 30mg),Duloxetine HCl 33.645mg(as Duloxetine 30mg)
103,MDULO60,Duloxeptol Cap. 60mg/C,듀로셉톨캡슐60mg,1,495502ACE,둘록세틴염산염 67.29mg(둘록세틴으로서 60mg),Duloxetine HCl 67.29mg(as Duloxetine 60mg)
104,MDVAL250,Depakote ER Tab. 250mg,데파코트서방정250mg,1,147701ATR,디발프로엑스나트륨 269.06mg(디발프로엑스로서 250mg),Divalproex sodium 269.05mg(as Divalproex 250mg)
105,MDVAL500,Depakote ER Tab. 500mg,데파코트서방정500mg,1,147702ATR,디발프로엑스나트륨538.12mg(디발프로엑스로서 500mg),Divalproex sodium 538.12mg(as Divalproex 500mg)
106,MDZP2,Diazepam Tab. 2mg Myungin,명인디아제팜정2mg,1,142902ATB,디아제팜 2mg,Diazepam 2mg
107,MDZP5,Diazepam Tab. 5mg Myungin,명인디아제팜정5mg,1,142903ATB,디아제팜 5mg,Diazepam 5mg
108,MESCTL,Newpram Tab. 10mg,뉴프람정10mg   ,1,474802ATB,에스시탈로프람옥살산염 12.77mg(에스시탈로프람으로서 10mg),Escitalopram Oxalate 12.77mg(as Escitalopram 10mg)
109,MESCTL20,Newpram Tab. 20mg,뉴프람정20mg,1,474803ATB,에스시탈로프람옥살산염 25.54mg(에스시탈로프람으로서 20mg),Escitalopram Oxalate 25.54mg(as Escitalopram 20mg)
110,MESCTL5, Newpram Tab. 5mg,뉴프람정 5mg,1,474801ATB,에스시탈로프람옥살산염 6.39mg(에스시탈로프람으로서 5mg),Escitalopram Oxalate 6.37mg(as Escitalopram 5mg)
111,MFAMCI250,Famciclovir Tab. Taiguk,태극팜시클로버정 250mg,1,157201ATB,팜시클로비르 250mg,Famciclovir 250mg
112,MFE,Feroba-You SR Tab. 80mg,훼로바-유서방정80mg,1,303403ATR,건조황산제1철 256mg(Fe++로서 80mg),Ferrous Dried Sulfate 256mg(as Fe II 80mg)
113,MFENO,Fenobate Cap.,페노베이트캡슐,1,194901ACH,페노피브레이트과립(미분화) 301.96mg(페노피브레이트로서 200mg),Fenofibrate Micronized Round Granule 301.96mg(as Fenofibrate 200mg)
114,MFESOT,Toviaz Tab. 4mg,토비애즈서방정4mg,1,503801ATR,페소테로딘푸마르산염 4mg,Fesoterodine Fumarate 4mg
115,MFLUNI,Lunapam Tab. 1mg,루나팜정(플루니트라제팜)_(1mg/1정),1,160601ATB,플루니트라제팜 1mg,Flunitrazepam 1mg
116,MFLURA,Dalmadorm Tab. 15mg,달마돔정15mg,1,161801ATB,플루라제팜염산염15mg,Flurazepam Hydrochloride 15mg
117,MFLUVO,Dumirox Tab. 100mg,듀미록스정100mg,1,162502ATB,플루복사민100mg,Fluvoxamine Maleate 100mg
118,MFLXT,PROCTIN  Cap. 20mg,푸록틴캡슐 20mg,1,161502ACH,플루옥세틴염산염 22.4mg(플루옥세틴으로서 20mg),Fluoxetine Hydrochloride 22.4mg(as Fluoxetine 20mg)
119,MFVX,Jeil Spagerin Tab. 200mg,제일스파게린정200mg,1,159201ATB,플라복세이트염산염200mg,Flavoxate Hydrochloride 200mg
120,MGLCL,Diamin  Tab. 80mg ,디아민정 80mg,1,165602ATB,글리클라지드80mg,Gliclazide 80mg
121,MHCTZ,Dichlozid Tab. 25mg,다이크로짇정25mg,1,170801ATB,하이드로클로르티아지드 25mg,Hydrochlorothiazide 25mg
122,MHP10,Myungin Haloperidol Tab 10mg,명인할로페리돌 정 10mg/T,1,167904ATB,할로페리돌 10mg,Haloperidol 10mg
123,MHP20,Haloperidol Tab. 20mg Myungin,명인할로페리돌정20mg(할로페리돌),1,167905ATB,할로페리돌 20mg,Haloperidol 20mg
124,MHP3,Myungin Haloperidol Tab. 3mg ,명인할로페리돌정3mg(할로페리돌),1,167906ATB,할로페리돌 3mg,Haloperidol 3mg
125,MHP5,Myungin Haloperidol Tab. 5mg,명인할로페리돌정5mg(할로페리돌)_(5mg/1정),1,167908ATB,할로페리돌 5mg,Haloperidol 5mg
126,MIMP,Imipramine HCL Tab. 25mg Myungin,명인이미프라민염산염정25mg,1,173701ATB,이미프라민염산염 25mg,Imipramine Hydrochloride 25mg
127,MIVG3,Invega ER Tab. 3mg,인베가서방정3mg,1,503201ATR,팔리페리돈 3mg,Paliperidone 3mg
128,MIVG6,Invega ER Tab. 6mg,인베가서방정6mg,1,503202ATR,팔리페리돈 6mg,Paliperidone 6mg
129,MIVG9,Invega ER Tab. 9mg,인베가서방정9mg,1,503203ATR,팔리페리돈 9mg,Paliperidone 9mg
130,MKCL,K-CONTIN CONTINUS tab 600mg_,케이콘틴 서방정 600mg,1,215801ATR,염화칼륨 600mg,Potassium Chloride 600mg
131,MLACT15,Duphalac Easy Syrup.(15ml),듀파락이지시럽(15ml),15ml,180830ASY,락툴로오즈농축액1.34g/ml,Lactulose Concentrate 1.34g/ml
132,MLAM100,Lamostal Tab. 100mg ,라모스탈정100mg,1,181001ATB,라모트리진 100mg,Lamotrigine 100mg
133,MLAMO25,Lamotigine Tab. 25mg/T,라모티진정25mg,1,181002ATB,라모트리진 25mg,Lamotrigine 25mg
134,MLC,Myungin Lithium carbonate Tab. ,명인탄산리튬정,1,184701ATB,탄산리튬 300mg,Lithium Carbonate 300mg
135,MLOP,Loperamide HCl Cap  2mg,지엘로페라미드염산염캡슐,1,185102ACH,로페라미드염산염 2mg,Loperamide Hydrochloride 2mg
136,MLP100,Tisercin Tab. 100mg,티세르신정100mg,1,183301ATB,레보메프로마진말레산염135.3mg(레보메프로마진으로서 100mg),Levomepromazine Maleate 135.3mg(as Levomepromazine 100mg)
137,MLP50,Tisercin Tab. 50mg,티세르신정 50mg,1,183303ATB,레보메프로마진말레산염66.7mg(레보메프로마진으로서 50mg),Levomepromazine Maleate 66.7mg(as Levomepromazine 50mg)
138,MLZP0.5,Slivan Tab. 0.5mg,스리반정 0.5mg,1,185504ATB,로라제팜 0.5mg,Lorazepam 0.5mg
139,MLZP1,Slivan Tab. 1mg,스리반정1mg,1,185501ATB,로라제팜 1mg,Lorazepam 1mg
140,MMELA2,Yungjin Melatonin SR Tab. 2mg,영진멜라토닌서방정2mg,1,627701ATR,멜라토닌2mg,melatonin 2mg
141,MMEMA10,Fello Tab.10mg/T,펠로정10mg,1,190001ATB,메만틴염산염 10mg,Memantine Hydrochloride 10mg
142,MMET,Methimazole Tab. 5mg Bukwang,부광메티마졸정5mg,1,191801ATB,메티마졸 5mg,Methimazole 5mg
143,MMETF250,Glupa Tab. 250mg,글루파정 250mg,1,191501ATB,메트포르민염산염250mg,Metformin HCL 250mg
144,MMETF500,Superdia Tab. 500mg,슈퍼다이아정500mg(메트포르민염산염),1,191502ATB,메트포르민염산염 500mg,Metformin Hydrochloride 500mg
145,MMETO,Betaloc Tab. 100mg,베타록정100mg,1,193802ATB,메토프롤롤타르타르산염 100mg,Metoprolol Tartrate 100mg
146,MMGOH,Marogel Tab. 500mg,마로겔정 500mg,1,187402ATB,마그네슘 하이드록시드 500mg,magnesium hydroxide   0.5g
147,MMIL50,Ixel Cap. 50mg,익셀캡슐50mg,1,355802ACH,밀나시프란염산염 50mg,Milnacipran Hydrochloride 50mg
148,MMOSA,Gaspride Tab. 5mg ,가스프라이드정_(5mg/1정),1,421001ATB,모사프리드시트르산염수화물5.29mg(모사프리드시트르산염무수물로서 5mg),Mosapride Citrate Hydrate 5.29mg (as Mosapride Citrate Anhydrate 5mg)
149,MMOSA15,Mosapeed SR Tab. 15mg,모사피드에스알정 15mg,1,421004ATR,모사프리드시트르산염수화물15.88mg(모사프리드시트르산염무수물로서 15mg),Mosapride Citrate Hydrate 15.88mg (as Mosapride Citrate Anhydrate15mg)
150,MMPD,Perospin  Tab. 10mg/T,페로스핀정 10mg,1,193201ATB,메틸페니데이트염산염 10mg,Methylphenidate Hydrochloride 10mg
151,MMPD18,Concerta OROS ER Tab. 18mg,콘서타OROS서방정18mg,1,193203ATR,메틸페니데이트염산염 18mg,Methylphenidate Hydrochloride 18mg
152,MMPD27,Concerta OROS ER Tab. 27mg,콘서타OROS서방정 27mg,1,193206ATR,메틸페니데이트염산염 27mg,Methylphenidate Hydrochloride 27mg
153,MMPD36,Concerta OROS ER Tab. 36mg,콘서타OROS서방정 36mg,1,193204ATR,메틸페니데이트염산염 36mg,Methylphenidate Hydrochloride 36mg
154,MMPD54,Concerta OROS ER Tab. 54mg,콘서타OROS서방정 54mg,1,193209ATR,메칠페니데이트염산염 54mg,Methylphenidate Hydrochloride 54mg
155,MMPDC10,Medikinet Retard Cap. 10mg,메디키넷리타드캡슐10mg,1,193201ACR,메틸페니데이트염산염 10mg,Methylphenidate Hydrochloride 10mg
156,MMPDC20,Medikinet Retard Cap. 20mg,메디키넷리타드캡슐 20mg,1,193205ACR,메틸페니데이트염산염 20mg,Methylphenidate Hydrochloride 20mg
157,MMPDC30,Medikinet Retard Cap. 30mg,메디키넷리타드캡슐 30mg,1,193207ACR,메틸페니데이트염산염 30mg,Methylphenidate Hydrochloride 30mg
158,MMTA15,Mirta Tab. 15mg,밀타정15mg,1,196201ATB,미르타자핀 15mg,Mirtazapine 15mg
159,MMTA30,Mirta Tab. 30mg,밀타정30mg(미르타자핀),1,196202ATB,미르타자핀 30mg,Mirtazapine 30mg
160,MNAL,Tracsone Tab. 50mg,트락손정50mg,1,199201ATB,날트렉손염산염 50mg,Naltrexone Hydrochloride 50mg
161,MNATE,Fastic Tab. 90mg,파스틱정90mg,1,430202ATB,나테글리니드 90mg,Nateglinide 90mg
162,MNIT,Nitroglycerine Sublingual Tab. 0.6mg Myungmoon,명문니트로글리세린설하정0.6mg,1,202602ATL,묽은니트로글리세린(10%) 6mg(니트로글리세린으로서 0.6mg),Nitroglycerin diluted(10%) 6mg(as Nitroglycerin 0.6mg)
163,MOFX,Orocin Tab. 100mg ,오로신정100mg,1,203901ATB,오플록사신 100mg,Ofloxacin 100mg
164,MOLAN-XD,Zyprexazydis Dispersible 10mg,자이프렉사자이디스확산정10mg,1,204001ATD,미세올란자핀 10mg,Olanzapine Micronized 10mg
165,MOLAN10,Zyprexa Tab.10mg/T,자이프렉사정 10mg(올란자핀),1,204001ATB,올란자핀 10mg,Olanzapine 10mg
166,MOLAN5,Zyprexa Tab 5mg/T,자이프렉사정 5mg(올란자핀),1,204002ATB,올란자핀 5mg,Olanzapine 5mg
167,MOLMET,Prisartan Tab. 20mg,프리살탄정20mg,1,468501ATB,올메사르탄메독소밀 20mg,Olmesartan Medoxomil 20mg
168,MOLMET10,Prisartan Tab. 10mg,프리살탄정10mg,1,468502ATB,올메사르탄메독소밀 10mg,Olmesartan Medoxomil 10mg
169,MOLOPA,Olotadine  Tab 5mg,올로타딘정5mg,1,391703ATB,올로파타딘염산염 5mg,Olopatadine HCl 5mg
170,MPANTO, Pantoline Tab. 20mg,판토라인정 20mg,1,208802ATE,판토프라졸나트륨세스키히드레이트 22.6mg(판토프라졸로서 20mg),Pantoprazole Sodium Sesquihydrate 22.6mg(as Pantoprazole 20mg)
171,MPCL,Pharma Procyclidine Tab. 5mg,파마프로시클리딘정5mg,1,218401ATB,프로시클리딘염산염 5mg,Procyclidine Hydrochloride 5mg
172,MPENI,Peniramin Tab. 2mg,페니라민정2mg,1,131801ATB,클로르페니라민말레산염 2mg,Chlorpheniramine Maleate 2mg
173,MPIOG,Piolita Tab. 15mg,피오리타정 15mg,1,431901ATB,피오글리타존염산염 16.53mg(피오글리타존으로서 15mg),Pioglitazone Hydrochloride 16.53mg(as Pioglitazone 15mg)
174,MPITA,Megastatin Tab. 2mg,메가스타틴정2mg,,470901ATB,피타바스타틴칼슘 2mg,Pitavastatin Calcium 2mg
175,MPPZ,Perphenazine Tab. 4mg,명인페르페나진정4mg,1,211401ATB,페르페나진 4mg,Perphenazine 4mg
176,MPRD,Solondo Tab. 5mg,소론도정5mg,1,217001ATB,프레드니솔론 5mg,Prednisolone 5mg
177,MPRP10,Indenol Tab. 10mg,인데놀정10mg,1,219901ATB,프로프라놀롤염산염 10mg,Propranolol Hydrochloride   10mg
178,MPRP40,Tepra Tab 40mg/T,테프라정40mg,1,219904ATB,프로프라놀롤염산염 40mg,Propranolol Hydrochloride   40mg
179,MPRX-CR,Parox CR Tab. 12.5mg,파록스씨알정12.5mg,1,209304ATR,파록세틴염산염수화물 14.25mg(파록세틴으로서 12.5mg),Paroxetine Hydrochloride Hydrate 14.25mg(as Paroxetine 12.5mg)
180,MPSEUDO,Pseudoephedrine HCl Tab. 60mg Pharma ,파마염산슈도에페드린정60mg,1,220902ATB,슈도에페드린염산염 60mg,Pseudoephedrine Hydrochloride 60mg
181,MQUE100,Q-ROKEL Tab. 100mg,큐로켈정100mg,1,378602ATB,쿠에티아핀푸마르산염 115.13mg(쿠에티아핀 100mg),Quetiapine Fumarate 115.13mg(as Quetiapine 100mg)
182,MQUE200,Q-ROKEL  Tab.  200mg/T,큐로켈정200mg,1,378603ATB,쿠에티아핀푸마르산염 230.24mg(쿠에티아핀 200mg),Quetiapine Fumarate 230.24mg(as Quetiapine 200mg)
183,MQUE25,Q-Rokel  Tab. 25mg/T,큐로켈정 25mg,1,378601ATB,쿠에티아핀푸마르산염 28.78mg(쿠에티아핀 25mg),Quetiapine Fumarate 28.78mg(as Quetiapine 25mg)
184,MQUE300,Q-ROKEL Tab. 300mg,큐로켈정300mg,1,378604ATB,쿠에티아핀푸마르산염 345.39mg(쿠에티아핀 300mg),Quetiapine Fumarate 345.39mg(as Quetiapine 300mg)
185,MQUEX200,Quetapine SR Tab. 200mg,쿠에타핀서방정 200mg,1,378606ATR,쿠에티아핀푸마르산염 230.24mg(쿠에티아핀 200mg),Quetiapine Fumarate 230.24mg(as Quetiapine 200mg)
186,MQUEX300,Quetapine SR Tab. 300mg/T,쿠에타핀서방정300mg,1,378607ATR,쿠에티아핀푸마르산염 345.36mg(쿠에티아핀 300mg),Quetiapine Fumarate 345.36mg(as Quetiapine 300mg)
187,MQUEX400,Quetiapine SR Tab 400mg/T,쿠에타핀서방정400mg,1,378608ATR,쿠에티아핀푸마르산염 460.48mg(쿠에티아핀 340mg),Quetiapine Fumarate 460.48mg(as Quetiapine 400mg)
188,MQUEX50,Quetapine SR Tab. 50mg,쿠에타핀서방정 50mg,1,378605ATR,쿠에티아핀푸마르산염 57.56mg(쿠에티아핀 50mg),Quetiapine Fumarate 57.56mg(as Quetiapine 50mg)
189,MREBAM,Newbamin Tab.,뉴바민정100mg,1,222901ATB,레바미피드100mg,Rebamipide 100mg
190,MROP0.25,Pakinol Tab. 0.25mg, 파키놀정0.25mg,1,224903ATB,로피니롤염산염 0.285mg(로피니롤로서 0.25mg),Ropinirole HCl 0.285mg(as Ropinirole 0.25mg)
191,MROP1,Pakinol Tab. 1mg,파키놀정1mg,1,224901ATB,로피니롤염산염 1.14mg(로피니롤로서 1mg),Ropinirole HCl 1.14mg(as Ropinirole 1mg)
192,MRSP1,Rispen Tab. 1mg,리스펜정 1mg/T,1,224201ATB,리스페리돈 1mg,Risperidone 1mg
193,MRSP2,Rispen  Tab. 2mg,리스펜정 2mg,1,224202ATB,리스페리돈 2mg,Risperidone 2mg
194,MRSP3,Rispen Tab. 3mg/T,리스펜정3mg/1정,1,224203ATB,리스페리돈 3mg,Risperidone 3mg
195,MRSPQ1,Rispen OD Tab. 1mg,리스펜오디정1mg,1,224201ATD,리스페리돈 1mg(구강붕해정),Risperidone 1mg
196,MRSPQ2,Rispen OD Tab. 2mg,리스펜오디정2mg,1,224202ATD,리스페리돈 2mg(구강붕해정),Risperidone 2mg
197,MRXT,Rulid Tab. 150mg/T,루리드정150mg,1,225301ATB,록시트로마이신 150mg,Roxithromycin 150mg
198,MSMECT,Fotagel Suspension 20ml,포타겔 현탁액20ml/P,1,146431ASS,디옥타헤드랄스멕타이드 3g/20ml,Dioctahedral Smectite 3g/20ml
199,MSTILEN,Exilen Tab.,엑시렌정,1,430101ATB,애엽95%에탄올연조엑스(20→1) 60mg,Artemisia Herb 95%Ethanol Soft Ext.(20→1) 60mg
200,MSTL,Traline Tab. 50mg/T,트라린정 50mg,1,227001ATB,설트랄린염산염 55.95mg(설트랄린으로서 50mg),Sertraline Hydrochloride 55.95mg(as Sertraline 50mg)
201,MSTL100,Traline  Tab. 100mg/T,트라린정 100mg,1,227002ATB,설트랄린염산염 111.9mg(설트랄린으로서 100mg),Sertraline Hydrochloride 111.9mg(as Sertraline 100mg)
202,MSULP,Sulpidin Tab. 200mg,설피딘정200mg,1,233401ATB,설피리드 200mg,Sulpiride 200mg
203,MT4,Synthyroid Tab 0.1mg,씬지로이드정0.1mg,1,183601ATB,레보티록신나트륨수화물 100μg,Levothyroxine Sodium Hydrate 100μg
204,MTAM0.2,Tamspin Cap. 0.2mg ,탐스핀캡슐 0.2mg,1,234601ACR,탐스로신염산염 0.2mg,Tamsulosin Hydrochloride 0.2mg
205,MTMF75,Tamiflue Cap. 75mg,타미플루캡슐 75mg,1,358901ACH,오셀타미비르인산염 98.5mg(오셀타미비르로서 75mg),Oseltamivir Phosphate 98.5mg(as Oseltamivir 75mg)
206,MTOPI,Topiron Tab. 50mg,토피론정50mg,1,241804ATB,토피라메이트 50mg,Topiramate 50mg
207,MTRA,Paramacet  Tab.,파라마셋정,1,513000ATB,아세트아미노펜325mg/트라마돌염산염37.5mg,Acetaminophen 325mg/Tramadol Hydrochloride 37.5mg
208,MTRIH,Trihexyne Tab. 2mg,트리헥신정2mg,1,244201ATB,트리헥시페니딜염산염 2mg,Trihexyphenidyl HCl 2mg
209,MTRIM,Spabutine Tab. 100mg,스파부틴정100mg,1,244301ATB,트리메부틴말레산염100mg,Trimebutine Maleate 100mg
210,MTZD25,Trazodone Cap. 25mg Myungin,명인트라조돈캡슐25mg,1,242901ACH,트라조돈염산염 25mg,Trazodone Hydrochloride 25mg
211,MTZD50,Trazodone HCl Tab. 50mg Myungin,명인트라조돈염산염정50mg,1,242902ATB,트라조돈염산염 50mg,Trazodone Hydrochloride 50mg
212,MUDCA,Ursa Tab. 100mg,우루사정 100mg,1,246501ATB,우르소데옥시콜산 100mg,ursodeoxycholic acid 100mg
213,MVARE,Nico Chams Tab. 1mg,니코챔스정 1mg,1,673102ATB,바레니클린살리실산염 1.65mg(바레니클린으로서 1mg),Varenicline Salicylate 1.65mg   (as Varenicline 1mg)
214,MVB10,Thiamine HCl Tab. 10mg ,신일티아민염산염정10mg,1,237301ATB,티아민염산염 10mg,Thiamine Hydrochloride 10mg
215,MVBF,Alcotamin Tab.,알코타민정,1,E04900ATB,폴산500μg ; 푸르설티아민100mg,Folic Acid 500μg ; Fursultiamine 100mg
216,MVEN-SR,Cofexor XR ER Cap.75mg/C,코팩사엑스알서방캡슐75mg(벤라팍신염산염)_(84.84mg/1캡슐),1,247502ACR,벤라팍신염산염서방과립 250mg(벤라팍신으로서 75mg),Venlafaxine Hydrochloride SR Gr.(as Venlafaxine 75mg) 
217,MVOG,Voglicosa Tab. 0.2mg,보글리코스정0.2mg,1,249001ATB,보글리보스 0.2mg,Voglibose 0.2mg
218,MVORT,Brintellix Tab. 10mg,브린텔릭스정10mg,1,628502ATB,보티옥세틴브롬화수소산염 12.71mg,Vortioxetine Hydrobromide 12.71mg
219,MVORT5,Brintellix Tab. 5mg,브린텔릭스정5mg,1,628501ATB,보티옥세틴브롬화수소산염 6.355mg,Vortioxetine Hydrobromide 6.355mg
220,MVP-CR,Orfil  SR Tab. 300mg/T,오르필서방정300mg,1,229705ATR,발프로산나트륨 300mg,Sodium Valproate 300mg
221,MZIPRA40,Zeldox Cap. 40mg,젤독스캡슐40mg,1,464902ACH,지프라시돈염산염일수화물 45.30mg(지프라시돈으로서 40mg),Ziprasidone Hydrochloride Monohydrate 45.30mg(as Ziprasidone 40mg)   
222,MZIPRA80,Zeldox Cap. 80mg,젤독스캡슐80mg,1,464904ACH,지프라시돈염산염일수화물 90.60mg(지프라시돈으로서 80mg),Ziprasidone Hydrochloride Monohydrate 90.60mg(as Ziprasidone 80mg)   
223,MZOT100,Lodopin Tab. 100mg,로도핀정100gmg,1,250801ATB,죠테핀 100mg,Zotepine 100mg
224,MZOT50,Lodopin Tab. 50mg,로도핀정50mg(죠테핀)_(50mg/1정) ,1,250803ATB,죠테핀 500mg,Zotepine 50mg
225,MZPD10,Zolpicin Tab. 10mg,졸피신정10mg,1,250501ATB,졸피뎀타르타르산염 10mg,Zolpidem Tartrate 10mg
226,MZPD12,Stilnox CR Tab. 12.5mg,스틸녹스CR정12.5mg,1,250504ATR,졸피뎀타르타르산염 12.5mg,Zolpidem Tartrate 12.5mg
227,MZPD6,Stilnox CR Tab. 6.25mg,스틸녹스CR정6.25mg,1,250503ATR,졸피뎀타르타르산염 6.25mg,Zolpidem Tartrate 6.25mg
